,price
0,400000.0
1,811000.0
2,585000.0
3,462000.0
4,790000.0
6,345000.0
7,1200000.0
9,585000.0
10,690000.0
11,682000.0
12,825000.0
13,595000.0
17,521000.0
18,1005000.0
21,582000.0
23,457000.0
26,570000.0
27,220000.0
33,674000.0
34,349000.0
37,405999.0
41,594000.0
42,710000.0
43,692000.0
46,411000.0
49,610000.0
51,530000.0
54,715000.0
57,625000.0
60,550000.0
62,220000.0
63,428000.0
65,930000.0
66,455000.0
69,442000.0
71,500000.0
74,537000.0
77,468000.0
78,420000.0
80,919999.0
82,850000.0
84,388000.0
85,490000.0
86,494000.0
87,525000.0
90,365000.0
91,420000.0
94,1050000.0
96,394000.0
97,725000.0
99,835000.0
100,695000.0
102,330000.0
103,990000.0
105,755000.0
108,271000.0
109,1280000.0
110,436000.0
112,1250000.0
121,249000.0
125,385000.0
128,276000.0
129,500000.0
130,730000.0
132,399000.0
133,312000.0
136,719000.0
138,300000.0
140,627000.0
145,440000.0
149,275000.0
150,676000.0
153,444000.0
154,509999.0
158,994999.0
160,834000.0
161,560000.0
162,454000.0
165,462000.0
168,843000.0
169,799000.0
170,576000.0
172,795000.0
173,1085000.0
176,777000.0
177,753000.0
179,725000.0
181,629000.0
182,447000.0
185,745000.0
186,490000.0
188,675000.0
189,330000.0
191,869000.0
194,1025000.0
198,844000.0
199,764000.0
200,420000.0
201,684000.0
202,802999.0
203,320000.0
206,548000.0
207,619000.0
208,1000000.0
209,865000.0
211,535000.0
212,975000.0
213,699000.0
214,1150000.0
215,625000.0
218,675000.0
220,420000.0
224,525000.0
225,750000.0
227,645000.0
230,850000.0
234,999000.0
235,825000.0
237,1295000.0
238,329000.0
243,681000.0
245,318000.0
246,688000.0
247,1300000.0
248,265000.0
249,645000.0
252,620000.0
253,1470000.0
254,220000.0
256,415000.0
257,610000.0
258,560000.0
259,425000.0
260,686000.0
261,517000.0
262,385000.0
263,675000.0
265,499000.0
266,774000.0
269,1025000.0
270,1400000.0
271,285000.0
273,780000.0
274,475000.0
276,555000.0
277,607000.0
278,513999.0
279,250000.0
280,705000.0
281,653000.0
283,564000.0
284,370000.0
285,550000.0
286,517000.0
287,620000.0
290,1220000.0
292,575000.0
294,868000.0
296,980000.0
297,900000.0
298,550000.0
300,610000.0
301,543000.0
302,980000.0
303,535000.0
306,505000.0
308,865000.0
309,999000.0
313,550000.0
316,520000.0
317,616000.0
320,624000.0
321,549000.0
323,524000.0
325,583000.0
326,1147000.0
330,755000.0
331,875000.0
332,855000.0
334,525000.0
335,650000.0
338,424000.0
342,850000.0
343,836000.0
344,660000.0
345,334000.0
346,594000.0
347,991000.0
353,825000.0
355,919999.0
357,729000.0
358,432000.0
362,1625000.0
364,1218000.0
365,524000.0
367,1390000.0
369,1275000.0
375,260000.0
377,681000.0
378,405000.0
379,765000.0
380,487000.0
383,770000.0
384,818000.0
385,724000.0
386,468000.0
388,600000.0
390,525000.0
391,175000.0
393,550000.0
394,650000.0
395,775000.0
397,408000.0
398,642000.0
400,521000.0
401,695000.0
402,390000.0
403,429000.0
404,520000.0
405,625000.0
406,601000.0
408,645000.0
410,695000.0
413,894999.0
414,350000.0
417,581000.0
418,513000.0
419,650000.0
420,806000.0
421,725000.0
423,426000.0
424,484999.0
425,351000.0
426,490000.0
428,509999.0
430,1025000.0
433,675000.0
434,190000.0
436,823000.0
437,554000.0
438,499000.0
439,815000.0
440,719000.0
441,372000.0
442,515000.0
443,554000.0
444,700000.0
445,409999.0
450,765000.0
453,1175000.0
454,999000.0
455,715000.0
458,404000.0
459,358000.0
460,581000.0
461,630000.0
462,560000.0
464,525000.0
465,501000.0
466,617000.0
467,365000.0
469,775000.0
472,725000.0
473,840000.0
474,799000.0
476,696000.0
477,576000.0
478,721000.0
480,594000.0
483,426000.0
485,905000.0
491,894999.0
492,1099000.0
494,445000.0
496,775000.0
497,327000.0
498,661000.0
500,682000.0
501,577000.0
502,500000.0
503,679000.0
505,776000.0
506,690000.0
511,799000.0
513,835000.0
518,426000.0
519,625000.0
520,447000.0
521,552000.0
523,459000.0
525,405000.0
526,536000.0
531,880000.0
533,475000.0
536,960000.0
537,532000.0
540,715000.0
541,740000.0
543,455000.0
545,524000.0
547,525000.0
553,850000.0
554,1260000.0
555,850000.0
556,493000.0
557,505000.0
558,825000.0
559,682000.0
560,486000.0
562,540000.0
563,530000.0
564,407000.0
565,453000.0
566,1010000.0
569,625000.0
570,635000.0
576,977000.0
578,667000.0
579,494000.0
581,792000.0
582,695000.0
583,360000.0
585,827000.0
586,382000.0
587,650000.0
588,512000.0
589,463000.0
591,525000.0
593,627000.0
594,511000.0
595,55000.0
596,600000.0
599,750000.0
602,985000.0
604,200000.0
605,710000.0
606,586000.0
607,1500000.0
608,584000.0
609,409000.0
611,738000.0
612,380000.0
613,656000.0
614,483000.0
615,509999.0
617,185000.0
618,180000.0
622,300000.0
625,546000.0
626,533000.0
628,332000.0
631,347000.0
633,1359000.0
634,543000.0
636,475000.0
638,350000.0
639,135000.0
644,300000.0
645,377000.0
648,674000.0
649,613000.0
650,1145000.0
651,595000.0
652,450000.0
653,599000.0
654,625000.0
659,320000.0
662,525000.0
666,593000.0
667,250000.0
668,685000.0
669,699000.0
671,425000.0
672,380000.0
673,574000.0
674,573000.0
675,70000.0
677,425000.0
679,600000.0
681,430000.0
683,1075000.0
685,615000.0
686,746000.0
688,667000.0
689,634000.0
690,40000.0
691,579000.0
692,509999.0
693,634000.0
694,527000.0
695,900000.0
699,650000.0
705,982000.0
706,674000.0
707,810000.0
709,513000.0
711,579000.0
712,550000.0
713,383000.0
714,605000.0
715,985000.0
716,935000.0
717,675000.0
718,135000.0
719,1345000.0
722,734000.0
723,701000.0
725,789000.0
726,548000.0
728,476999.0
730,515000.0
731,562000.0
732,345000.0
734,670000.0
735,950000.0
736,700000.0
737,80000.0
741,550000.0
742,581000.0
743,582000.0
745,531000.0
746,558000.0
747,155000.0
748,508000.0
750,542000.0
751,501000.0
755,300000.0
758,55000.0
759,630000.0
761,417000.0
762,631000.0
764,544000.0
765,704000.0
767,359000.0
769,335000.0
770,766000.0
771,350000.0
772,480000.0
780,260000.0
781,539000.0
785,636000.0
787,615000.0
789,718000.0
790,436000.0
791,280000.0
792,780000.0
797,670000.0
798,900000.0
799,600000.0
800,110000.0
801,605000.0
802,559000.0
803,268000.0
805,864000.0
806,240000.0
807,341000.0
809,513000.0
810,661000.0
812,520000.0
814,300000.0
816,1295000.0
819,275000.0
820,575000.0
821,338000.0
822,604000.0
824,327000.0
825,621000.0
826,240000.0
827,621000.0
829,708000.0
830,443000.0
835,520000.0
836,470000.0
840,75000.0
841,649000.0
842,657000.0
843,420000.0
844,629000.0
845,322000.0
846,620000.0
847,434999.0
849,317000.0
850,574000.0
851,780000.0
852,800000.0
857,350000.0
859,830000.0
863,65000.0
864,547000.0
865,413000.0
867,709000.0
869,528000.0
873,800000.0
874,550000.0
876,130000.0
878,650000.0
881,609000.0
882,678000.0
884,449000.0
885,552000.0
887,56000.0
888,426000.0
889,607000.0
893,240000.0
894,680000.0
897,720000.0
902,80000.0
903,608000.0
906,751000.0
907,535000.0
909,328000.0
910,725000.0
911,740000.0
913,480000.0
916,210000.0
917,480000.0
919,1280000.0
920,770000.0
921,599000.0
923,231999.0
924,525000.0
927,400000.0
928,966000.0
929,781000.0
936,350000.0
938,700000.0
939,229999.0
940,875000.0
941,925000.0
943,930000.0
944,898000.0
946,449000.0
948,335000.0
949,825000.0
950,935000.0
954,1540000.0
957,1025000.0
960,808000.0
963,1261000.0
964,850000.0
965,270000.0
968,508000.0
969,340000.0
974,800000.0
977,638000.0
978,315000.0
980,490000.0
982,430000.0
984,270000.0
985,517000.0
987,627000.0
988,509999.0
991,575000.0
993,925000.0
994,475000.0
996,225000.0
999,513999.0
1000,347000.0
1002,1329000.0
1003,300000.0
1006,642000.0
1007,911000.0
1010,450000.0
1011,1565000.0
1012,450000.0
1013,459999.0
1016,229999.0
1017,1200000.0
1018,543000.0
1019,1035000.0
1020,1150000.0
1021,479000.0
1022,736000.0
1023,530000.0
1024,880000.0
1027,1030000.0
1030,390000.0
1032,919999.0
1034,650000.0
1035,240000.0
1038,312000.0
1039,582000.0
1040,150000.0
1041,618000.0
1042,916000.0
1043,300000.0
1044,555000.0
1046,950000.0
1047,608000.0
1051,225000.0
1052,249000.0
1056,375000.0
1057,550000.0
1058,590000.0
1059,511000.0
1060,260000.0
1061,381000.0
1063,575000.0
1064,428000.0
1066,696000.0
1067,740000.0
1069,300000.0
1070,500000.0
1072,75000.0
1076,275000.0
1081,591000.0
1082,428000.0
1084,697000.0
1085,630000.0
1086,429000.0
1087,463999.0
1088,750000.0
1089,1100000.0
1097,360000.0
1098,733000.0
1099,375000.0
1101,657000.0
1102,729000.0
1103,800000.0
1104,501000.0
1107,1193000.0
1108,900000.0
1110,925000.0
1111,865000.0
1112,1585000.0
1116,195000.0
1117,799000.0
1118,689000.0
1119,1068000.0
1121,383000.0
1122,327000.0
1124,639000.0
1126,660000.0
1127,325000.0
1129,1075000.0
1130,975000.0
1131,300000.0
1133,260000.0
1136,250000.0
1138,1073000.0
1139,349000.0
1140,484999.0
1141,591000.0
1142,657000.0
1144,591000.0
1145,509999.0
1146,658000.0
1147,513999.0
1148,330000.0
1150,950000.0
1151,495000.0
1153,330000.0
1155,260000.0
1157,650000.0
1158,375000.0
1159,647000.0
1160,245000.0
1161,591000.0
1162,575000.0
1163,659000.0
1164,720000.0
1165,733000.0
1166,867000.0
1167,850000.0
1168,919999.0
1169,720000.0
1170,120000.0
1172,350000.0
1173,360000.0
1175,200000.0
1177,381000.0
1179,389000.0
1180,445000.0
1181,186000.0
1182,642000.0
1183,725000.0
1184,616000.0
1185,694000.0
1188,300000.0
1189,400000.0
1190,649000.0
1191,360000.0
1193,240000.0
1194,800000.0
1195,350000.0
1196,415000.0
1197,384000.0
1199,782000.0
1200,463000.0
1201,660000.0
1202,663000.0
1203,900000.0
1204,316000.0
1205,436000.0
1211,175000.0
1215,593000.0
1217,560000.0
1221,459000.0
1227,825000.0
1232,656000.0
1233,612000.0
1235,436000.0
1236,721000.0
1238,620000.0
1240,643000.0
1241,822000.0
1242,838000.0
1246,345000.0
1248,675000.0
1249,875000.0
1250,484999.0
1251,775000.0
1252,655000.0
1253,525000.0
1254,442000.0
1255,476000.0
1256,865000.0
1257,338000.0
1258,1299000.0
1259,492000.0
1260,544000.0
1262,1085000.0
1266,425000.0
1267,818000.0
1269,695000.0
1270,475000.0
1271,551000.0
1272,352000.0
1274,479000.0
1275,559000.0
1277,409000.0
1278,539000.0
1279,737000.0
1283,585000.0
1287,590000.0
1289,1545000.0
1291,540000.0
1292,491000.0
1294,436000.0
1295,616000.0
1297,533000.0
1299,626000.0
1300,632000.0
1304,1085000.0
1306,1365000.0
1311,483000.0
1314,573000.0
1315,658000.0
1317,906000.0
1318,1195000.0
1320,413000.0
1321,624000.0
1324,725000.0
1326,650000.0
1328,865000.0
1331,475000.0
1334,520000.0
1335,530000.0
1337,312000.0
1338,919999.0
1339,403000.0
1340,415000.0
1341,850000.0
1343,1145000.0
1345,645000.0
1346,1440000.0
1348,1225000.0
1352,507000.0
1353,1019999.0
1354,472000.0
1355,471000.0
1356,821000.0
1357,509999.0
1358,599000.0
1359,401999.0
1360,1002000.0
1361,975000.0
1362,795000.0
1363,550000.0
1364,1298000.0
1365,1085000.0
1367,1109000.0
1369,894999.0
1371,466000.0
1374,378000.0
1375,555000.0
1377,370000.0
1378,810000.0
1379,774000.0
1380,530000.0
1381,944999.0
1382,880000.0
1383,525000.0
1386,650000.0
1387,875000.0
1388,500000.0
1391,395000.0
1393,1300000.0
1394,490000.0
1395,520000.0
1397,616000.0
1398,825000.0
1400,618000.0
1402,390000.0
1408,775000.0
1409,745000.0
1412,582000.0
1413,615000.0
1414,560000.0
1415,710000.0
1416,535000.0
1417,446000.0
1418,1018000.0
1420,654000.0
1422,585000.0
1423,1250000.0
1424,475000.0
1425,310000.0
1428,475000.0
1429,405999.0
1431,445000.0
1433,601000.0
1434,594000.0
1435,960000.0
1436,575000.0
1439,961999.0
1440,450000.0
1441,849000.0
1442,535000.0
1444,685000.0
1450,849000.0
1451,749000.0
1452,872000.0
1455,348000.0
1459,417000.0
1461,541000.0
1462,568000.0
1463,730000.0
1464,446000.0
1465,638000.0
1467,694000.0
1469,493000.0
1470,637000.0
1474,585000.0
1475,835000.0
1478,425000.0
1479,750000.0
1480,675000.0
1483,750000.0
1484,398000.0
1485,550000.0
1487,453000.0
1488,285000.0
1490,821000.0
1491,865000.0
1492,792000.0
1494,610000.0
1495,511000.0
1500,375000.0
1501,275000.0
1502,429000.0
1503,675000.0
1507,1036000.0
1511,590000.0
1512,568000.0
1513,400000.0
1515,422000.0
1516,450000.0
1517,650000.0
1518,575000.0
1520,150000.0
1521,702000.0
1522,448000.0
1524,801000.0
1527,1103000.0
1532,350000.0
1534,925000.0
1541,707000.0
1542,680000.0
1545,401000.0
1547,505000.0
1548,1599000.0
1549,830000.0
1550,1036000.0
1551,1595000.0
1552,100000.0
1553,825000.0
1555,550000.0
1556,299000.0
1557,750000.0
1559,375000.0
1561,808000.0
1562,542000.0
1563,529000.0
1564,684000.0
1565,813000.0
1568,745000.0
1569,619000.0
1570,650000.0
1571,500000.0
1574,540000.0
1575,675000.0
1576,509999.0
1582,449000.0
1584,317000.0
1587,522000.0
1588,500000.0
1589,627000.0
1590,687000.0
1592,525000.0
1593,620000.0
1595,530000.0
1601,458000.0
1603,900000.0
1604,649000.0
1605,549000.0
1607,513999.0
1609,455999.0
1610,501999.0
1611,685000.0
1613,580000.0
1614,530000.0
1618,420000.0
1620,395000.0
1621,533000.0
1622,547000.0
1623,395000.0
1625,521000.0
1627,507000.0
1629,528000.0
1630,434999.0
1631,1490000.0
1633,625000.0
1634,690000.0
1635,1350000.0
1636,1550000.0
1637,790000.0
1638,270000.0
1639,365000.0
1641,528000.0
1642,511000.0
1644,327000.0
1645,505000.0
1646,640000.0
1647,449000.0
1648,725000.0
1649,495000.0
1650,271000.0
1657,585000.0
1662,451000.0
1664,631000.0
1665,411000.0
1667,488000.0
1668,459999.0
1669,513999.0
1670,508000.0
1674,925000.0
1677,350000.0
1679,409999.0
1680,725000.0
1681,466000.0
1684,503000.0
1685,309000.0
1687,841000.0
1689,288000.0
1690,940000.0
1691,844999.0
1694,400000.0
1695,425000.0
1697,750000.0
1699,310000.0
1701,437000.0
1702,1026000.0
1703,560000.0
1704,532000.0
1705,323000.0
1706,770000.0
1707,492000.0
1710,982000.0
1712,900000.0
1713,370000.0
1715,480000.0
1716,430000.0
1717,500000.0
1719,790000.0
1721,776000.0
1722,702000.0
1723,290000.0
1724,383000.0
1725,411000.0
1727,515000.0
1729,507000.0
1730,322000.0
1731,575000.0
1732,850000.0
1735,425000.0
1736,650000.0
1738,450000.0
1740,425000.0
1741,235000.0
1742,437000.0
1743,409999.0
1744,731000.0
1745,501999.0
1750,529000.0
1753,975000.0
1756,595000.0
1757,767000.0
1758,825000.0
1760,335000.0
1761,558000.0
1762,649000.0
1765,672000.0
1766,675000.0
1769,587000.0
1770,807000.0
1771,260000.0
1774,650000.0
1775,520000.0
1776,350000.0
1777,875000.0
1781,302000.0
1784,722000.0
1785,463000.0
1787,627000.0
1788,575000.0
1789,658000.0
1790,476999.0
1791,500000.0
1792,650000.0
1793,455000.0
1794,475000.0
1798,484999.0
1799,459999.0
1801,567000.0
1802,619000.0
1804,835000.0
1806,635000.0
1807,635000.0
1808,300000.0
1809,657000.0
1810,390000.0
1811,620000.0
1812,465000.0
1813,590000.0
1817,490000.0
1818,620000.0
1821,594000.0
1822,536000.0
1823,365000.0
1824,544000.0
1825,566000.0
1826,420000.0
1828,880000.0
1829,616000.0
1835,725000.0
1836,275000.0
1838,635000.0
1841,509999.0
1842,817000.0
1843,850000.0
1844,539000.0
1845,538000.0
1847,666000.0
1848,210000.0
1849,413000.0
1850,505000.0
1851,300000.0
1854,810000.0
1856,725000.0
1858,1050000.0
1859,1000000.0
1861,508000.0
1863,625000.0
1864,560000.0
1865,335000.0
1866,445000.0
1867,830000.0
1869,630000.0
1870,527000.0
1872,860000.0
1873,766000.0
1874,610000.0
1876,390000.0
1877,680000.0
1882,614000.0
1883,340000.0
1884,558000.0
1885,650000.0
1887,710000.0
1889,684000.0
1890,309000.0
1891,500000.0
1893,650000.0
1894,360000.0
1896,450000.0
1897,660000.0
1898,950000.0
1899,500000.0
1901,361000.0
1902,549000.0
1903,210000.0
1904,704000.0
1905,729000.0
1907,619000.0
1909,621000.0
1910,685000.0
1915,570000.0
1921,365000.0
1922,707000.0
1924,520000.0
1925,602000.0
1927,546000.0
1930,621000.0
1931,515000.0
1932,600000.0
1933,775000.0
1934,645000.0
1935,650000.0
1937,437000.0
1938,459999.0
1939,250000.0
1940,520000.0
1941,566000.0
1942,403000.0
1944,517000.0
1945,449000.0
1949,889000.0
1950,621000.0
1954,678000.0
1959,470000.0
1960,530000.0
1961,463000.0
1962,727000.0
1964,547000.0
1965,307000.0
1967,529000.0
1969,624000.0
1971,850000.0
1972,745000.0
1976,310000.0
1977,495000.0
1981,774000.0
1982,525000.0
1983,600000.0
1984,582000.0
1985,551000.0
1986,525000.0
1987,583000.0
1989,670000.0
1990,396000.0
1991,49000.0
1992,590000.0
1993,400000.0
1994,700000.0
1997,595000.0
1998,459999.0
1999,395000.0
2000,434999.0
2001,666000.0
2002,380000.0
2003,700000.0
2005,590000.0
2006,125000.0
2007,520000.0
2008,695000.0
2009,607000.0
2010,688000.0
2012,250000.0
2014,575000.0
2015,844999.0
2016,405000.0
2017,300000.0
2019,750000.0
2022,927999.0
2024,702000.0
2027,513000.0
2028,570000.0
2032,370000.0
2034,459999.0
2035,459999.0
2039,450000.0
2040,370000.0
2041,665000.0
2042,1036000.0
2044,539000.0
2045,847000.0
2047,496000.0
2049,1009000.0
2050,339000.0
2058,825000.0
2064,719000.0
2065,633000.0
2067,861000.0
2069,749000.0
2070,648000.0
2071,250000.0
2072,265000.0
2073,490000.0
2075,113999.0
2076,475000.0
2077,973000.0
2078,630000.0
2081,827000.0
2082,715000.0
2084,569000.0
2085,490000.0
2086,484999.0
2087,451999.0
2089,622000.0
2090,554000.0
2092,967000.0
2093,475000.0
2094,320000.0
2095,695000.0
2096,350000.0
2099,260000.0
2100,285000.0
2101,616000.0
2102,594000.0
2103,320000.0
2104,647000.0
2107,505000.0
2108,900000.0
2109,730000.0
2110,648000.0
2111,434999.0
2114,320000.0
2115,295000.0
2118,315000.0
2121,576000.0
2122,842000.0
2124,518000.0
2125,397000.0
2129,732000.0
2130,577000.0
2132,509999.0
2135,625000.0
2137,395000.0
2138,320000.0
2139,450000.0
2141,400000.0
2142,484999.0
2145,621000.0
2146,409999.0
2147,505000.0
2149,708000.0
2151,650000.0
2152,760000.0
2153,785000.0
2154,745000.0
2156,270000.0
2157,450000.0
2158,420000.0
2160,550000.0
2161,421000.0
2162,303000.0
2163,780000.0
2164,643000.0
2165,474000.0
2167,644000.0
2169,519000.0
2170,811000.0
2171,725000.0
2172,725000.0
2173,750000.0
2176,525000.0
2179,550000.0
2180,500000.0
2182,656000.0
2184,430999.0
2185,894999.0
2187,392000.0
2188,470000.0
2189,726000.0
2190,1023000.0
2191,500000.0
2201,902999.0
2202,488000.0
2203,660000.0
2204,604000.0
2205,417000.0
2206,405000.0
2207,444000.0
2209,615000.0
2210,396000.0
2211,650000.0
2213,210000.0
2215,400000.0
2216,350000.0
2217,430000.0
2218,515000.0
2220,120000.0
2221,492000.0
2222,731000.0
2223,345000.0
2224,523000.0
2225,302000.0
2227,500000.0
2229,472000.0
2231,409999.0
2232,470000.0
2233,630000.0
2234,375000.0
2238,800000.0
2239,575000.0
2242,562000.0
2243,690000.0
2244,573000.0
2245,558000.0
2246,580000.0
2247,684000.0
2249,762000.0
2250,663000.0
2251,869999.0
2255,950000.0
2257,245000.0
2258,395000.0
2259,1080000.0
2261,608000.0
2262,698000.0
2264,501999.0
2265,1027000.0
2267,769000.0
2268,595000.0
2271,450000.0
2275,350000.0
2280,509999.0
2281,860000.0
2282,484999.0
2284,636000.0
2285,571000.0
2286,825000.0
2287,393000.0
2289,420000.0
2290,704000.0
2291,950000.0
2293,770000.0
2295,120000.0
2296,750000.0
2299,409999.0
2300,1050000.0
2301,622000.0
2302,730000.0
2304,357000.0
2309,635000.0
2310,1466000.0
2311,500000.0
2312,425000.0
2313,500000.0
2314,550000.0
2319,390000.0
2320,210000.0
2322,725000.0
2324,659000.0
2325,356000.0
2326,480000.0
2327,689000.0
2328,625000.0
2329,802999.0
2330,516000.0
2333,375000.0
2336,900000.0
2337,204999.0
2338,710000.0
2339,630000.0
2340,155000.0
2342,630000.0
2343,415000.0
2344,417000.0
2345,334000.0
2346,590000.0
2347,1028999.0
2349,711000.0
2350,950000.0
2352,140000.0
2353,760000.0
2355,300000.0
2356,1080000.0
2358,680000.0
2360,515000.0
2361,520000.0
2362,344000.0
2364,923000.0
2365,662000.0
2367,637000.0
2368,800000.0
2369,454000.0
2371,760000.0
2373,545000.0
2374,400000.0
2375,254999.0
2376,250000.0
2377,750000.0
2378,700000.0
2381,254000.0
2382,925000.0
2383,750000.0
2384,326000.0
2385,432000.0
2386,950000.0
2387,479000.0
2388,229999.0
2389,301000.0
2390,443000.0
2391,440000.0
2394,1090000.0
2395,1225000.0
2396,620000.0
2398,580000.0
2399,310000.0
2400,1450000.0
2401,525000.0
2402,409999.0
2403,865000.0
2404,581000.0
2405,518000.0
2406,790000.0
2407,547000.0
2408,300000.0
2409,407000.0
2410,692000.0
2411,455000.0
2412,295000.0
2415,340000.0
2417,365000.0
2419,183000.0
2420,660000.0
2421,403000.0
2422,563000.0
2424,436000.0
2426,590000.0
2427,632000.0
2428,890000.0
2429,726000.0
2430,551000.0
2431,850000.0
2432,382000.0
2433,765000.0
2434,195000.0
2435,390000.0
2436,480000.0
2437,455000.0
2439,520000.0
2441,782000.0
2442,611000.0
2444,515000.0
2445,679000.0
2446,409999.0
2448,944999.0
2450,574000.0
2451,710000.0
2452,620000.0
2453,225000.0
2454,500000.0
2456,285000.0
2459,200000.0
2460,1300000.0
2462,310000.0
2464,430999.0
2465,728000.0
2466,225000.0
2467,861000.0
2468,780000.0
2471,800000.0
2474,290000.0
2477,650000.0
2478,500000.0
2480,900000.0
2481,568000.0
2482,461000.0
2485,739000.0
2486,340000.0
2487,366000.0
2489,368000.0
2490,346000.0
2491,450000.0
2492,450000.0
2493,590000.0
2494,185000.0
2497,300000.0
2498,150000.0
2500,180000.0
2501,843000.0
2502,300000.0
2503,560000.0
2504,744000.0
2507,1369000.0
2508,90000.0
2509,380000.0
2510,661000.0
2512,320000.0
2513,200000.0
2515,325000.0
2516,200000.0
2519,1300000.0
2520,231999.0
2522,536000.0
2523,229999.0
2524,357000.0
2526,409999.0
2527,607000.0
2528,1150000.0
2529,684000.0
2530,451000.0
2534,785000.0
2535,415000.0
2538,170000.0
2540,570000.0
2541,638000.0
2542,674000.0
2544,433000.0
2545,518000.0
2546,175000.0
2547,840000.0
2548,295000.0
2549,740000.0
2550,520000.0
2552,200000.0
2553,395000.0
2554,350000.0
2556,400000.0
2557,640000.0
2558,135000.0
2559,170000.0
2560,195000.0
2561,312000.0
2562,383000.0
2564,590000.0
2565,758000.0
2566,480000.0
2567,794000.0
2570,327000.0
2572,425000.0
2573,434999.0
2577,495000.0
2578,475000.0
2579,700000.0
2581,785000.0
2582,795000.0
2583,415000.0
2584,660000.0
2585,543000.0
2586,650000.0
2588,270000.0
2589,557000.0
2590,441000.0
2591,340000.0
2592,1000000.0
2593,295000.0
2594,165000.0
2595,149000.0
2596,475000.0
2597,135000.0
2598,430000.0
2599,375000.0
2600,145000.0
2601,398000.0
2602,1076000.0
2603,430000.0
2604,400000.0
2605,287000.0
2606,495000.0
2607,298000.0
2610,577000.0
2611,600000.0
2612,225000.0
2616,100000.0
2617,70000.0
2618,750000.0
2619,150000.0
2620,195000.0
2623,840000.0
2624,680000.0
2625,413999.0
2626,380000.0
2627,428000.0
2628,465000.0
2629,1034000.0
2630,772000.0
2632,450000.0
2633,210000.0
2634,409999.0
2635,325000.0
2636,450000.0
2637,280000.0
2638,409999.0
2639,520000.0
2640,560000.0
2642,656000.0
2644,357000.0
2645,512000.0
2646,250000.0
2647,700000.0
2648,535000.0
2649,641000.0
2650,339000.0
2653,310000.0
2654,725000.0
2657,440000.0
2661,433000.0
2664,411000.0
2665,518000.0
2667,647000.0
2669,645000.0
2670,252999.0
2673,600000.0
2674,405000.0
2680,310000.0
2681,916000.0
2682,800000.0
2684,699000.0
2685,714000.0
2686,750000.0
2687,626000.0
2693,509999.0
2695,660000.0
2697,790000.0
2702,345000.0
2703,650000.0
2704,244000.0
2705,815000.0
2707,1150000.0
2708,210000.0
2709,391000.0
2710,1529000.0
2713,549000.0
2714,860000.0
2715,1145000.0
2716,790000.0
2717,1650000.0
2718,475000.0
2721,828999.0
2722,648000.0
2723,375000.0
2724,964000.0
2725,288000.0
2726,340000.0
2729,686000.0
2730,335000.0
2737,890000.0
2739,265000.0
2741,574000.0
2742,711000.0
2743,960000.0
2744,273000.0
2745,593000.0
2747,844999.0
2749,735000.0
2750,407000.0
2752,459999.0
2753,360000.0
2755,360000.0
2756,700000.0
2759,484999.0
2762,520000.0
2764,305000.0
2765,238000.0
2766,540000.0
2767,362000.0
2768,459999.0
2769,451000.0
2770,442000.0
2772,430000.0
2781,287000.0
2782,437000.0
2783,310000.0
2784,287000.0
2789,279000.0
2790,766000.0
2791,380000.0
2792,520000.0
2793,260000.0
2797,450000.0
2799,840000.0
2801,459000.0
2802,769000.0
2805,969000.0
2807,942000.0
2808,690000.0
2810,288000.0
2812,950000.0
2815,890000.0
2816,660000.0
2818,380000.0
2821,971000.0
2822,352000.0
2824,866000.0
2825,508000.0
2827,796000.0
2829,434000.0
2830,782000.0
2834,1090000.0
2835,350000.0
2841,471000.0
2843,396000.0
2846,393000.0
2849,555000.0
2851,990000.0
2853,850000.0
2857,1050000.0
2858,972000.0
2859,725000.0
2860,316000.0
2861,860000.0
2862,890000.0
2863,250999.0
2864,433000.0
2867,345000.0
2868,855000.0
2869,365000.0
2879,295000.0
2880,461000.0
2881,719000.0
2882,550000.0
2883,287000.0
2884,1035000.0
2886,445000.0
2888,540000.0
2889,584000.0
2891,430000.0
2894,120000.0
2895,620000.0
2897,801000.0
2901,762000.0
2903,523000.0
2904,765000.0
2905,894999.0
2906,708000.0
2907,400000.0
2909,663000.0
2910,390000.0
2921,839000.0
2922,120000.0
2923,750000.0
2924,1284000.0
2925,850000.0
2926,869999.0
2927,634000.0
2929,1250000.0
2932,421000.0
2935,600000.0
2936,495000.0
2938,627000.0
2939,340000.0
2940,190000.0
2942,575000.0
2943,743000.0
2944,645000.0
2946,359000.0
2947,120000.0
2950,525000.0
2951,375000.0
2954,894999.0
2955,409999.0
2957,525000.0
2958,625000.0
2960,340000.0
2962,1295000.0
2963,699000.0
2964,399000.0
2965,387000.0
2969,425000.0
2971,250000.0
2974,459999.0
2977,580000.0
2979,517000.0
2980,750000.0
2981,213000.0
2984,611000.0
2985,745000.0
2987,415000.0
2989,550000.0
2990,540000.0
2991,540000.0
2992,575000.0
2994,286000.0
2998,356000.0
3004,295000.0
3006,213000.0
3007,135000.0
3008,595000.0
3009,300000.0
3010,425000.0
3011,330000.0
3012,478000.0
3013,450000.0
3015,680000.0
3016,135000.0
3017,385000.0
3018,240000.0
3023,505000.0
3024,749000.0
3025,140000.0
3028,325000.0
3029,430999.0
3030,780000.0
3031,170000.0
3032,530000.0
3033,949000.0
3034,479000.0
3035,562000.0
3036,600000.0
3037,735000.0
3038,420000.0
3040,322000.0
3041,180000.0
3042,472000.0
3043,715000.0
3044,220000.0
3049,445000.0
3051,501000.0
3052,400000.0
3053,440000.0
3054,631000.0
3055,545000.0
3057,243000.0
3059,546000.0
3062,1090000.0
3063,575000.0
3065,800000.0
3067,819999.0
3069,625000.0
3070,800000.0
3071,599000.0
3073,725000.0
3074,216000.0
3075,525000.0
3077,480000.0
3081,335000.0
3083,1150000.0
3084,985000.0
3086,567000.0
3089,738000.0
3091,469000.0
3092,935000.0
3094,765000.0
3095,765000.0
3096,524000.0
3097,380000.0
3098,621000.0
3100,229999.0
3101,549000.0
3102,475000.0
3103,775000.0
3104,649000.0
3108,295000.0
3109,484999.0
3110,195000.0
3118,736000.0
3121,859000.0
3129,675000.0
3136,621000.0
3144,625000.0
3145,725000.0
3146,532000.0
3149,710000.0
3154,350000.0
3155,1145000.0
3156,518000.0
3157,261000.0
3158,866000.0
3161,944000.0
3164,518000.0
3168,449000.0
3176,719000.0
3178,507000.0
3182,1500000.0
3184,1052000.0
3186,930000.0
3187,850000.0
3190,625000.0
3196,726000.0
3198,688000.0
3200,365000.0
3201,627000.0
3203,335000.0
3210,849000.0
3212,500000.0
3213,525000.0
3216,486000.0
3217,450000.0
3221,526000.0
3224,434000.0
3227,645000.0
3232,130000.0
3233,300000.0
3234,85000.0
3236,422000.0
3238,495000.0
3240,215000.0
3241,501999.0
3244,565000.0
3245,280000.0
3246,524000.0
3249,315000.0
3254,635000.0
3256,450000.0
3257,260000.0
3258,346000.0
3262,300000.0
3264,740000.0
3265,450000.0
3266,403000.0
3274,220000.0
3278,686000.0
3281,798000.0
3282,275000.0
3284,250000.0
3286,787000.0
3288,484999.0
3292,425000.0
3293,700000.0
3296,711000.0
3301,140000.0
3302,715000.0
3304,836999.0
3306,894000.0
3309,650000.0
3311,595000.0
3313,150000.0
3316,459000.0
3318,332000.0
3321,426999.0
3324,183000.0
3326,806000.0
3328,525000.0
3329,250000.0
3330,120000.0
3333,265000.0
3336,519000.0
3338,558000.0
3340,1025000.0
3341,698000.0
3342,275000.0
3344,524000.0
3345,675000.0
3346,546000.0
3348,775000.0
3349,245000.0
3353,95000.0
3355,595000.0
3356,592000.0
3358,352000.0
3360,890000.0
3361,258000.0
3363,1095000.0
3364,475000.0
3366,738000.0
3369,775000.0
3373,675000.0
3376,568000.0
3378,548000.0
3381,503000.0
3384,379000.0
3386,197000.0
3395,965000.0
3396,208000.0
3398,528000.0
3401,555000.0
3404,622000.0
3406,733000.0
3411,699000.0
3413,250000.0
3417,265000.0
3418,306000.0
3419,549000.0
3420,450000.0
3421,536000.0
3422,235000.0
3424,304000.0
3425,295000.0
3428,295000.0
3429,425000.0
3430,350000.0
3432,275000.0
3433,415000.0
3434,465000.0
3436,545000.0
3437,509999.0
3439,749000.0
3440,434999.0
3441,346000.0
3444,256999.0
3445,275000.0
3446,229000.0
3447,1250000.0
3450,349000.0
3455,565000.0
3456,722000.0
3458,803999.0
3462,910000.0
3464,315000.0
3466,557000.0
3468,231000.0
3469,369000.0
3473,700000.0
3476,805000.0
3477,735000.0
3478,441000.0
3481,397000.0
3482,455000.0
3484,713000.0
3485,737000.0
3486,540000.0
3489,627000.0
3490,1565000.0
3492,772000.0
3493,587000.0
3495,699000.0
3496,642000.0
3498,366000.0
3500,447000.0
3501,262000.0
3502,265000.0
3505,430000.0
3508,380000.0
3512,340000.0
3516,392000.0
3517,1205000.0
3521,878999.0
3524,462000.0
3526,509000.0
3527,530000.0
3529,310000.0
3531,440000.0
3532,400000.0
3536,360000.0
3537,360000.0
3538,344000.0
3541,340000.0
3542,675000.0
3544,294000.0
3546,801000.0
3550,509999.0
3552,455000.0
3554,725000.0
3556,515000.0
3558,418000.0
3560,200000.0
3561,685000.0
3563,289000.0
3564,610000.0
3566,323000.0
3568,525000.0
3569,725000.0
3570,425000.0
3571,350000.0
3572,325000.0
3576,589000.0
3577,650000.0
3581,902999.0
3584,903999.0
3585,950000.0
3595,422000.0
3596,678000.0
3597,300000.0
3599,463000.0
3601,751000.0
3603,678000.0
3604,550000.0
3605,390000.0
3606,395000.0
3607,295000.0
3608,599000.0
3610,399000.0
3611,449000.0
3612,300000.0
3613,449000.0
3614,295000.0
3615,649000.0
3616,274000.0
3617,375000.0
3619,591000.0
3620,434000.0
3622,271000.0
3623,555000.0
3624,825000.0
3625,599000.0
3626,480999.0
3627,385000.0
3628,699000.0
3629,331000.0
3630,178000.0
3631,925000.0
3632,290000.0
3635,530000.0
3636,465000.0
3637,351000.0
3638,515000.0
3639,225000.0
3640,620000.0
3641,349000.0
3643,290000.0
3644,285000.0
3645,330000.0
3647,365000.0
3648,650000.0
3649,449000.0
3650,599000.0
3652,499000.0
3655,560000.0
3656,275000.0
3657,586000.0
3658,463000.0
3660,593000.0
3662,567000.0
3666,749000.0
3667,249000.0
3669,225000.0
3670,399000.0
3671,80000.0
3674,389000.0
3675,548000.0
3677,874000.0
3678,596000.0
3680,501000.0
3682,495000.0
3685,725000.0
3686,1030000.0
3688,450000.0
3689,689000.0
3691,310000.0
3694,451999.0
3695,404000.0
3697,473000.0
3698,252000.0
3699,950000.0
3700,633000.0
3702,413000.0
3707,300000.0
3709,713000.0
3710,515000.0
3711,600000.0
3714,513000.0
3716,835000.0
3717,438999.0
3718,720000.0
3719,942000.0
3721,100000.0
3722,491000.0
3723,925000.0
3724,1060000.0
3726,670000.0
3727,500000.0
3730,150000.0
3732,240000.0
3734,411000.0
3735,480999.0
3736,670000.0
3737,724000.0
3738,546000.0
3740,278000.0
3742,261000.0
3744,399000.0
3745,220000.0
3747,434999.0
3750,450000.0
3752,380000.0
3753,95000.0
3754,675000.0
3755,527000.0
3757,380000.0
3758,689000.0
3760,474000.0
3762,577000.0
3768,650000.0
3772,425000.0
3773,425000.0
3774,523000.0
3775,240000.0
3780,491000.0
3781,550000.0
3783,775000.0
3790,509999.0
3793,445000.0
3794,547000.0
3795,626000.0
3797,445000.0
3798,458000.0
3799,204999.0
3802,713000.0
3805,390000.0
3808,350000.0
3810,825000.0
3814,608000.0
3815,423000.0
3816,800000.0
3818,433000.0
3819,525000.0
3820,526000.0
3822,459000.0
3825,550000.0
3828,261000.0
3834,284000.0
3835,520000.0
3836,590000.0
3838,699000.0
3839,395000.0
3840,217000.0
3842,886999.0
3843,480000.0
3844,425000.0
3845,495000.0
3847,137000.0
3849,1290000.0
3850,355000.0
3851,386000.0
3852,513999.0
3853,325000.0
3854,508000.0
3855,567000.0
3856,670000.0
3859,398000.0
3860,484999.0
3861,135000.0
3862,300000.0
3863,525000.0
3864,375000.0
3866,595000.0
3868,531000.0
3872,861999.0
3874,272000.0
3877,428000.0
3879,413999.0
3880,509999.0
3881,550000.0
3884,450000.0
3886,200000.0
3888,350000.0
3891,543000.0
3892,513999.0
3895,593000.0
3897,539000.0
3898,335000.0
3899,594000.0
3903,760000.0
3904,490000.0
3905,521000.0
3911,555000.0
3912,476999.0
3913,341000.0
3914,476000.0
3915,611000.0
3917,513000.0
3919,584000.0
3923,475000.0
3924,330000.0
3925,635000.0
3927,420000.0
3928,459999.0
3933,471000.0
3934,446000.0
3935,365000.0
3936,354000.0
3938,877999.0
3940,525000.0
3941,830000.0
3945,350000.0
3951,639000.0
3954,749000.0
3957,275000.0
3958,475000.0
3960,150000.0
3964,850000.0
3968,285000.0
3971,525000.0
3972,375000.0
3977,525000.0
3978,425000.0
3979,525000.0
3980,375000.0
3982,409999.0
3983,434999.0
3985,775000.0
3987,650000.0
3988,204999.0
3990,529000.0
3991,300000.0
3994,499000.0
3996,206999.0
3997,390000.0
4008,935000.0
4010,505999.0
4012,422000.0
4014,590000.0
4015,499000.0
4016,785000.0
4017,325000.0
4025,280000.0
4027,600000.0
4029,852999.0
4030,861000.0
4031,275000.0
4032,418000.0
4033,190000.0
4035,519000.0
4036,320000.0
4038,700000.0
4039,600000.0
4040,675000.0
4041,550000.0
4044,430000.0
4046,530000.0
4048,1070000.0
4049,173000.0
4050,707000.0
4051,819999.0
4052,827999.0
4053,1255000.0
4054,690000.0
4055,616000.0
4057,800000.0
4059,315000.0
4063,310000.0
4064,825000.0
4065,484999.0
4066,350000.0
4067,795000.0
4069,470000.0
4070,625000.0
4072,794000.0
4073,266000.0
4075,296000.0
4077,607000.0
4080,740000.0
4081,114999.0
4082,167000.0
4086,835000.0
4089,309000.0
4090,204999.0
4092,303000.0
4093,264000.0
4095,1541000.0
4097,308000.0
4108,310000.0
4109,358000.0
4110,390000.0
4112,345000.0
4113,208000.0
4114,320000.0
4115,210000.0
4116,675000.0
4120,440000.0
4121,385000.0
4122,720000.0
4123,540000.0
4124,825000.0
4125,720000.0
4126,229999.0
4127,200000.0
4129,723000.0
4130,806000.0
4132,507000.0
4135,639000.0
4137,331000.0
4138,790000.0
4141,310000.0
4146,150000.0
4147,690000.0
4149,419000.0
4150,505999.0
4152,528000.0
4155,300000.0
4157,178000.0
4161,944999.0
4162,700000.0
4163,399000.0
4164,556000.0
4166,89999.0
4167,333000.0
4169,324000.0
4170,359000.0
4172,348000.0
4173,532000.0
4176,295000.0
4177,297000.0
4180,360000.0
4182,580000.0
4183,650000.0
4186,95000.0
4187,1250000.0
4190,398000.0
4192,700000.0
4193,457000.0
4195,295000.0
4197,196000.0
4198,925000.0
4199,1100000.0
4200,110000.0
4201,380000.0
4203,434999.0
4208,740000.0
4209,308000.0
4210,509000.0
4212,305000.0
4213,349000.0
4215,901000.0
4217,651000.0
4219,300000.0
4220,530000.0
4223,701000.0
4227,490000.0
4228,204999.0
4231,615000.0
4232,433000.0
4233,607000.0
4234,310000.0
4235,564000.0
4237,524000.0
4239,345000.0
4240,690000.0
4241,730000.0
4242,540000.0
4243,210000.0
4244,935000.0
4245,380000.0
4247,200000.0
4249,791000.0
4250,779000.0
4252,482000.0
4254,310000.0
4256,530000.0
4257,549000.0
4261,586000.0
4263,385000.0
4265,295000.0
4269,488999.0
4270,326000.0
4272,547000.0
4273,614000.0
4275,445000.0
4277,285000.0
4284,725000.0
4287,500000.0
4289,252999.0
4290,496000.0
4291,509999.0
4294,484999.0
4295,1425000.0
4296,377000.0
4297,100000.0
4299,425000.0
4300,415000.0
4301,1580000.0
4302,165000.0
4306,634000.0
4307,525000.0
4308,660000.0
4312,344000.0
4319,690000.0
4322,210000.0
4325,340000.0
4327,380000.0
4328,653000.0
4329,426000.0
4330,465000.0
4331,245000.0
4333,432000.0
4335,580000.0
4337,270000.0
4338,625000.0
4340,740000.0
4342,570000.0
4343,275000.0
4346,429000.0
4348,544000.0
4349,336000.0
4351,449000.0
4353,503000.0
4355,350000.0
4359,100000.0
4361,1200000.0
4364,350000.0
4365,221000.0
4366,827999.0
4367,600000.0
4369,517000.0
4370,325000.0
4371,371000.0
4372,475000.0
4373,405999.0
4375,890000.0
4381,950000.0
4382,418000.0
4385,1044000.0
4386,260000.0
4388,671000.0
4390,1178000.0
4391,488999.0
4393,465000.0
4394,728000.0
4395,530000.0
4396,466000.0
4397,457000.0
4398,350000.0
4401,375000.0
4402,600000.0
4405,740000.0
4406,766000.0
4408,519000.0
4410,525000.0
4412,420000.0
4413,605000.0
4414,326000.0
4415,950000.0
4416,639000.0
4417,712000.0
4420,670000.0
4422,875000.0
4424,675000.0
4425,533000.0
4426,487000.0
4428,526000.0
4429,926000.0
4431,725000.0
4432,501000.0
4433,577000.0
4435,521000.0
4439,980000.0
4441,750000.0
4442,450000.0
4443,600000.0
4444,302000.0
4445,736000.0
4446,480000.0
4447,967000.0
4448,432000.0
4449,600000.0
4450,610000.0
4452,337000.0
4453,527000.0
4455,549000.0
4456,270000.0
4459,725000.0
4464,621000.0
4465,633000.0
4467,515000.0
4468,679000.0
4470,609000.0
4471,1000000.0
4472,590000.0
4473,570000.0
4475,679000.0
4477,640000.0
4478,475000.0
4483,675000.0
4484,430000.0
4485,420000.0
4486,580000.0
4487,334000.0
4488,401999.0
4489,240000.0
4492,570000.0
4493,551000.0
4495,463000.0
4501,325000.0
4503,275000.0
4504,447000.0
4505,578000.0
4507,524000.0
4508,401999.0
4510,552000.0
4511,265000.0
4512,443000.0
4513,721000.0
4515,1092000.0
4516,890000.0
4517,550000.0
4518,609000.0
4525,1008000.0
4526,260000.0
4528,609000.0
4530,272000.0
4532,522000.0
4533,623000.0
4535,298000.0
4536,400000.0
4539,520000.0
4540,680000.0
4544,633000.0
4546,475000.0
4547,601000.0
4548,352000.0
4550,300000.0
4551,720000.0
4552,541000.0
4553,513999.0
4555,780000.0
4556,400000.0
4558,940000.0
4562,375000.0
4564,314000.0
4565,556000.0
4567,787000.0
4568,595000.0
4569,400000.0
4570,771000.0
4571,790000.0
4572,655000.0
4573,336000.0
4581,595000.0
4582,625000.0
4583,599000.0
4584,615000.0
4585,513999.0
4587,458000.0
4589,515000.0
4590,822000.0
4591,265000.0
4592,579000.0
4593,318000.0
4596,750000.0
4597,825000.0
4599,610000.0
4602,625000.0
4603,185000.0
4604,357000.0
4605,547000.0
4606,800000.0
4607,311000.0
4608,570000.0
4609,300000.0
4610,332000.0
4611,509999.0
4612,325000.0
4613,644000.0
4615,528000.0
4616,260000.0
4618,740000.0
4620,599000.0
4624,416000.0
4625,642000.0
4626,849000.0
4627,434000.0
4628,276000.0
4629,710000.0
4630,580000.0
4631,575000.0
4632,498000.0
4633,533000.0
4634,699000.0
4635,520000.0
4636,720000.0
4639,749000.0
4640,330000.0
4642,700000.0
4643,645000.0
4644,391000.0
4647,516000.0
4650,434000.0
4652,432000.0
4653,688000.0
4654,350000.0
4655,496000.0
4656,630000.0
4657,685000.0
4660,550000.0
4661,520000.0
4663,1000000.0
4664,496000.0
4666,994999.0
4667,416000.0
4668,344000.0
4669,450000.0
4670,523000.0
4671,340000.0
4672,520000.0
4673,628000.0
4674,525000.0
4675,513999.0
4680,750000.0
4683,675000.0
4686,814000.0
4687,750000.0
4688,450000.0
4689,498000.0
4691,527000.0
4692,329000.0
4693,350000.0
4694,541000.0
4695,340000.0
4696,185000.0
4699,450000.0
4700,445000.0
4702,440000.0
4703,503000.0
4704,702000.0
4706,690000.0
4707,520000.0
4708,699000.0
4709,436000.0
4712,509999.0
4713,660000.0
4714,599000.0
4715,250000.0
4719,310000.0
4720,675000.0
4723,392000.0
4724,401000.0
4726,581000.0
4729,543000.0
4731,743000.0
4734,811000.0
4735,250000.0
4737,975000.0
4741,420000.0
4742,600000.0
4744,311000.0
4746,572000.0
4747,307000.0
4750,850000.0
4752,509000.0
4754,940000.0
4755,227000.0
4757,650000.0
4759,595000.0
4761,770000.0
4762,695000.0
4763,496000.0
4767,803999.0
4768,1100000.0
4769,1275000.0
4770,950000.0
4771,400000.0
4773,475000.0
4774,720000.0
4778,532000.0
4781,501000.0
4782,850000.0
4783,472000.0
4785,469000.0
4786,289000.0
4787,690000.0
4788,321000.0
4789,575000.0
4791,525000.0
4795,599000.0
4796,1019999.0
4797,443000.0
4798,644000.0
4799,750000.0
4800,519000.0
4801,695000.0
4803,425000.0
4805,323000.0
4806,700000.0
4807,809000.0
4813,425000.0
4814,385000.0
4815,545000.0
4816,588000.0
4817,747000.0
4818,280000.0
4819,633000.0
4822,605000.0
4823,270000.0
4824,622000.0
4825,317000.0
4826,795000.0
4827,602000.0
4828,575000.0
4829,675000.0
4831,750000.0
4833,749000.0
4834,550000.0
4835,599000.0
4836,570000.0
4839,267000.0
4841,369000.0
4843,605000.0
4844,585000.0
4846,723000.0
4855,429000.0
4856,376000.0
4858,312000.0
4859,492000.0
4863,831000.0
4864,691000.0
4865,175000.0
4866,493000.0
4869,320000.0
4872,375000.0
4873,323000.0
4874,487000.0
4876,709000.0
4879,672000.0
4881,457000.0
4882,311000.0
4884,623000.0
4885,1090000.0
4887,200000.0
4889,1150000.0
4893,1009000.0
4894,1050000.0
4895,441000.0
4897,425000.0
4902,840000.0
4903,426000.0
4904,305000.0
4905,629000.0
4906,869000.0
4908,300000.0
4909,850000.0
4910,869999.0
4912,416000.0
4913,1025000.0
4914,790000.0
4916,649000.0
4917,229999.0
4918,599000.0
4920,622000.0
4921,362000.0
4923,964000.0
4924,395000.0
4925,459999.0
4928,215000.0
4929,1050000.0
4930,465000.0
4932,295000.0
4934,707000.0
4935,605000.0
4936,565000.0
4937,608000.0
4938,725000.0
4939,369000.0
4940,508000.0
4943,919999.0
4944,740000.0
4945,625000.0
4946,450000.0
4948,450000.0
4952,496000.0
4953,650000.0
4954,789000.0
4955,458000.0
4957,311000.0
4958,1000000.0
4959,613000.0
4960,390000.0
4962,999000.0
4963,740000.0
4967,420000.0
4968,550000.0
4970,501999.0
4971,552000.0
4972,830000.0
4973,579000.0
4975,950000.0
4978,421000.0
4979,869999.0
4981,677000.0
4983,650000.0
4987,350000.0
4988,290000.0
4989,590000.0
4990,299000.0
4991,1252000.0
4992,875000.0
4993,550000.0
4995,590000.0
4997,256999.0
4998,767000.0
5000,581000.0
5002,400000.0
5003,750000.0
5006,660000.0
5007,662000.0
5008,395000.0
5009,513999.0
5010,772000.0
5011,680000.0
5012,254000.0
5013,311000.0
5017,461000.0
5018,372000.0
5020,802999.0
5021,220000.0
5025,900000.0
5027,295000.0
5029,306000.0
5031,366000.0
5032,645000.0
5033,299000.0
5034,423000.0
5035,295000.0
5036,328000.0
5037,565000.0
5039,299000.0
5040,299000.0
5042,340000.0
5044,650000.0
5045,1650000.0
5046,750000.0
5048,466000.0
5049,587000.0
5050,220000.0
5051,677000.0
5052,334000.0
5054,315000.0
5055,114999.0
5056,389000.0
5057,347000.0
5058,1450000.0
5059,800000.0
5061,350000.0
5062,320000.0
5064,345000.0
5065,750000.0
5068,488999.0
5069,331000.0
5071,401000.0
5072,347000.0
5074,764000.0
5076,831000.0
5077,535000.0
5078,465000.0
5079,415000.0
5081,320000.0
5082,400000.0
5088,749000.0
5089,1001000.0
5092,426000.0
5093,616000.0
5095,428000.0
5097,670000.0
5098,337000.0
5100,611000.0
5101,975000.0
5103,400000.0
5105,650000.0
5107,400000.0
5109,707000.0
5110,576000.0
5113,685000.0
5116,289000.0
5117,290000.0
5119,407000.0
5122,390000.0
5124,650000.0
5126,475000.0
5128,559000.0
5129,789000.0
5131,1297000.0
5132,750000.0
5133,330000.0
5134,691000.0
5136,214000.0
5137,231999.0
5138,425000.0
5139,281000.0
5140,600000.0
5142,600000.0
5146,640000.0
5147,263000.0
5148,939000.0
5150,777000.0
5151,701000.0
5153,478000.0
5154,465000.0
5155,472000.0
5156,604000.0
5158,273000.0
5162,194000.0
5163,499000.0
5165,750000.0
5167,300000.0
5168,800000.0
5170,459000.0
5172,497000.0
5173,577000.0
5174,670000.0
5175,690000.0
5177,252000.0
5178,294000.0
5181,700000.0
5183,470000.0
5184,320000.0
5185,650000.0
5186,529000.0
5187,646000.0
5188,480000.0
5189,607000.0
5190,160000.0
5191,374000.0
5192,817000.0
5193,180000.0
5194,680000.0
5195,1000000.0
5196,1000000.0
5198,315000.0
5200,760000.0
5204,365000.0
5205,409999.0
5206,475000.0
5207,561000.0
5209,411000.0
5210,459999.0
5211,309000.0
5214,516000.0
5217,760000.0
5220,450000.0
5221,295000.0
5222,667000.0
5223,790000.0
5224,480000.0
5227,390000.0
5228,801000.0
5229,560000.0
5230,420000.0
5231,472000.0
5234,650000.0
5236,320000.0
5237,680000.0
5240,499000.0
5242,409000.0
5243,991000.0
5245,496000.0
5246,298000.0
5247,720000.0
5248,583000.0
5250,982000.0
5251,458000.0
5254,600000.0
5256,620000.0
5261,447000.0
5262,409999.0
5264,372000.0
5265,470000.0
5266,297000.0
5267,420000.0
5268,405999.0
5270,350000.0
5273,765000.0
5275,850000.0
5276,1000000.0
5280,909000.0
5281,734000.0
5282,450000.0
5283,356000.0
5284,835000.0
5286,233000.0
5287,221000.0
5288,549000.0
5290,325000.0
5291,250000.0
5294,650000.0
5296,340000.0
5297,333000.0
5298,568000.0
5300,329000.0
5301,806000.0
5303,655000.0
5305,672000.0
5306,981000.0
5307,220000.0
5308,803999.0
5309,800000.0
5311,600000.0
5315,263000.0
5316,245000.0
5317,777000.0
5318,507000.0
5320,297000.0
5321,411000.0
5323,529000.0
5327,290000.0
5328,525000.0
5335,299000.0
5336,268000.0
5337,483000.0
5339,618000.0
5343,990000.0
5346,399000.0
5347,471000.0
5350,370000.0
5351,400000.0
5352,700000.0
5356,368000.0
5357,556000.0
5358,426000.0
5359,961000.0
5362,951000.0
5364,567000.0
5365,298000.0
5366,350000.0
5367,674000.0
5369,270000.0
5370,1000000.0
5374,1175000.0
5375,940000.0
5376,250999.0
5377,988000.0
5382,266000.0
5384,279000.0
5385,465000.0
5386,210000.0
5389,300000.0
5395,290000.0
5396,860000.0
5397,241000.0
5399,817000.0
5400,330000.0
5401,185000.0
5402,568000.0
5404,457000.0
5405,1022000.0
5406,312000.0
5407,117000.0
5409,285000.0
5413,550000.0
5414,185000.0
5415,430999.0
5416,631000.0
5421,347000.0
5426,584000.0
5428,400000.0
5429,535000.0
5434,310000.0
5435,337000.0
5436,1259000.0
5439,498000.0
5440,470000.0
5442,894999.0
5443,426999.0
5444,559000.0
5446,443000.0
5447,480000.0
5448,660000.0
5449,145000.0
5450,165000.0
5452,450000.0
5455,531000.0
5456,744000.0
5459,760000.0
5461,273000.0
5462,480000.0
5464,746000.0
5467,459999.0
5468,490000.0
5475,813000.0
5480,408000.0
5481,400000.0
5482,492000.0
5483,446000.0
5487,550000.0
5489,660000.0
5490,365000.0
5492,900000.0
5493,385000.0
5495,765000.0
5497,991000.0
5498,744000.0
5500,770000.0
5503,765000.0
5506,470000.0
5513,310000.0
5514,418000.0
5515,256999.0
5517,622000.0
5518,238000.0
5519,365000.0
5520,753000.0
5522,394000.0
5525,773000.0
5526,475000.0
5529,1300000.0
5531,700000.0
5532,450000.0
5534,289000.0
5535,403000.0
5537,617000.0
5539,340000.0
5540,925000.0
5541,850000.0
5542,225000.0
5544,425000.0
5547,420000.0
5548,350000.0
5549,590000.0
5551,750000.0
5552,240000.0
5553,1260000.0
5557,642000.0
5558,318000.0
5560,951000.0
5563,669000.0
5566,1050000.0
5567,96000.0
5568,600000.0
5569,880000.0
5570,640000.0
5571,80000.0
5572,850000.0
5574,195000.0
5579,850000.0
5583,287000.0
5584,810000.0
5585,969000.0
5586,280000.0
5587,700000.0
5588,700000.0
5589,200000.0
5590,600000.0
5591,875000.0
5593,279000.0
5594,244000.0
5595,300000.0
5596,339000.0
5597,259000.0
5599,269000.0
5601,400000.0
5603,580000.0
5604,324000.0
5609,100000.0
5611,270000.0
5612,250000.0
5613,732000.0
5614,273000.0
5615,250000.0
5617,702000.0
5619,279000.0
5621,387000.0
5623,600000.0
5624,813000.0
5625,350000.0
5626,155000.0
5627,180000.0
5629,180000.0
5632,640000.0
5633,290000.0
5634,999000.0
5636,286000.0
5637,293000.0
5639,753000.0
5641,688000.0
5643,600000.0
5644,325000.0
5647,400000.0
5651,200000.0
5652,720000.0
5653,1064000.0
5654,647000.0
5656,846000.0
5657,458000.0
5658,195000.0
5659,425000.0
5660,650000.0
5661,584000.0
5662,220000.0
5663,619000.0
5664,700000.0
5666,450000.0
5669,224000.0
5671,459000.0
5672,631000.0
5674,532000.0
5675,301000.0
5676,245000.0
5677,977999.0
5679,345000.0
5680,574000.0
5681,405000.0
5682,827999.0
5684,779000.0
5685,600000.0
5686,785000.0
5688,229999.0
5689,630000.0
5691,585000.0
5692,442000.0
5694,618000.0
5695,490000.0
5696,585000.0
5697,588000.0
5699,704000.0
5701,583000.0
5703,1150000.0
5704,630000.0
5705,150000.0
5706,650000.0
5708,720000.0
5709,350000.0
5710,646000.0
5712,570000.0
5713,586000.0
5715,504000.0
5716,450000.0
5717,336000.0
5719,100000.0
5720,362000.0
5721,750000.0
5722,90000.0
5724,700000.0
5725,395000.0
5729,484999.0
5730,495000.0
5731,450000.0
5732,397000.0
5733,716000.0
5736,200000.0
5737,459999.0
5738,409999.0
5739,250000.0
5740,408000.0
5741,400000.0
5745,650000.0
5746,350000.0
5748,750000.0
5749,254999.0
5750,836000.0
5751,1175000.0
5752,363000.0
5753,729000.0
5757,590000.0
5758,582000.0
5760,552000.0
5763,950000.0
5764,819999.0
5766,180000.0
5767,1300000.0
5768,341000.0
5769,708000.0
5771,367000.0
5776,425000.0
5777,260000.0
5779,256999.0
5780,69000.0
5781,50000.0
5785,499000.0
5786,315000.0
5787,980000.0
5788,821000.0
5789,568000.0
5791,446000.0
5792,555000.0
5794,559000.0
5795,1050000.0
5796,412000.0
5797,615000.0
5799,390000.0
5802,560000.0
5803,750000.0
5805,1320000.0
5806,220000.0
5807,850000.0
5808,523000.0
5809,583000.0
5811,451000.0
5812,668000.0
5814,824000.0
5816,622000.0
5818,450000.0
5819,1019999.0
5822,249000.0
5823,799000.0
5825,390000.0
5826,580000.0
5827,380000.0
5828,264000.0
5829,531000.0
5832,552000.0
5834,382000.0
5837,382000.0
5838,860000.0
5839,635000.0
5840,325000.0
5842,850000.0
5848,327000.0
5849,627000.0
5850,350000.0
5851,993000.0
5853,250000.0
5856,669000.0
5859,706000.0
5860,245000.0
5868,509999.0
5869,381000.0
5870,320000.0
5871,420000.0
5872,350000.0
5874,488999.0
5878,350000.0
5879,449000.0
5880,295000.0
5884,475000.0
5886,900000.0
5887,950000.0
5889,436000.0
5891,252000.0
5892,685000.0
5894,699000.0
5896,325000.0
5900,375000.0
5901,560000.0
5903,555000.0
5906,600000.0
5907,170000.0
5908,343000.0
5909,544000.0
5910,990000.0
5911,469000.0
5912,716000.0
5913,1000000.0
5914,150000.0
5915,305000.0
5916,550000.0
5918,290000.0
5920,210000.0
5923,725000.0
5926,721000.0
5927,775000.0
5928,740000.0
5929,732000.0
5932,850000.0
5936,250000.0
5940,750000.0
5941,690000.0
5942,714000.0
5944,492000.0
5945,401000.0
5946,475000.0
5948,525000.0
5949,175000.0
5950,130000.0
5952,934000.0
5954,710000.0
5955,150000.0
5957,350000.0
5960,625000.0
5961,496000.0
5967,470000.0
5969,850000.0
5970,665000.0
5974,600000.0
5975,360000.0
5976,625000.0
5977,740000.0
5980,575000.0
5981,321000.0
5982,680000.0
5983,825000.0
5984,396000.0
5985,742000.0
5986,851000.0
5987,840000.0
5991,775000.0
5994,1100000.0
5995,915000.0
5997,600000.0
5998,900000.0
5999,400000.0
6001,640000.0
6003,385000.0
6004,484999.0
6006,1000000.0
6007,545000.0
6011,850000.0
6017,360000.0
6020,453000.0
6021,534000.0
6023,709000.0
6025,320000.0
6026,890000.0
6027,725000.0
6033,425000.0
6034,425000.0
6035,710000.0
6039,400000.0
6041,723000.0
6043,790000.0
6048,1019999.0
6049,200000.0
6050,650000.0
6051,1425000.0
6053,630000.0
6054,1450000.0
6055,285000.0
6056,535000.0
6057,434999.0
6058,229999.0
6061,589000.0
6062,350000.0
6063,377000.0
6064,544000.0
6065,225000.0
6068,869999.0
6070,500000.0
6071,180000.0
6078,900000.0
6079,625000.0
6080,665000.0
6081,453000.0
6083,692000.0
6084,525000.0
6085,480000.0
6088,680000.0
6097,265000.0
6098,675000.0
6099,100000.0
6101,458000.0
6102,940000.0
6103,327000.0
6105,1390000.0
6107,105000.0
6108,295000.0
6109,445000.0
6111,700000.0
6112,1300000.0
6113,390000.0
6114,350000.0
6115,450000.0
6116,450000.0
6119,446000.0
6120,672000.0
6121,500000.0
6122,409000.0
6123,759000.0
6126,200000.0
6127,600000.0
6130,325000.0
6133,590000.0
6134,409999.0
6135,700000.0
6136,325000.0
6138,311000.0
6140,371000.0
6142,349000.0
6143,475000.0
6144,290000.0
6145,445000.0
6150,360000.0
6151,750000.0
6152,475000.0
6153,425000.0
6155,500000.0
6158,525000.0
6159,362000.0
6160,455000.0
6162,380000.0
6166,690000.0
6167,890000.0
6169,811000.0
6170,894999.0
6171,650000.0
6172,590000.0
6174,445000.0
6177,300000.0
6179,579000.0
6180,298000.0
6181,595000.0
6182,544000.0
6184,425000.0
6188,370000.0
6190,290000.0
6193,650000.0
6195,575000.0
6197,590000.0
6198,753000.0
6199,425000.0
6200,587000.0
6201,580000.0
6202,530000.0
6204,300000.0
6206,380000.0
6207,625000.0
6208,160000.0
6209,525000.0
6210,850000.0
6212,1490000.0
6214,375000.0
6217,383000.0
6218,713000.0
6221,313000.0
6222,575000.0
6224,825000.0
6226,445000.0
6227,350000.0
6229,1300000.0
6231,750000.0
6233,670000.0
6235,90000.0
6236,365000.0
6239,309000.0
6241,900000.0
6246,254999.0
6249,275000.0
6250,150000.0
6253,600000.0
6256,801000.0
6259,590000.0
6260,532000.0
6261,525000.0
6263,225000.0
6265,250000.0
6268,420000.0
6269,300000.0
6270,675000.0
6271,625000.0
6273,110000.0
6277,356000.0
6279,341000.0
6280,443000.0
6282,300000.0
6283,750000.0
6284,490000.0
6286,425000.0
6288,490000.0
6291,490000.0
6294,625000.0
6295,850000.0
6297,278000.0
6299,304000.0
6300,371000.0
6305,695000.0
6306,685000.0
6313,379000.0
6314,252999.0
6315,295000.0
6316,495000.0
6317,200000.0
6320,322000.0
6321,338000.0
6323,273000.0
6324,473000.0
6329,925000.0
6330,1350000.0
6331,60000.0
6332,650000.0
6335,295000.0
6338,240000.0
6339,320000.0
6341,745000.0
6342,225000.0
6343,332000.0
6346,775000.0
6347,1050000.0
6348,475000.0
6349,325000.0
6351,145000.0
6352,250000.0
6353,1025000.0
6354,500000.0
6355,300000.0
6359,459999.0
6360,430000.0
6366,190000.0
6367,450000.0
6368,100000.0
6369,200000.0
6374,334000.0
6375,243000.0
6376,610000.0
6377,349000.0
6378,513999.0
6380,725000.0
6384,850000.0
6386,550000.0
6387,560000.0
6388,800000.0
6390,270000.0
6391,735000.0
6392,308000.0
6393,380000.0
6395,657000.0
6396,254999.0
6397,450000.0
6398,480000.0
6400,894999.0
6401,450000.0
6402,590000.0
6403,670000.0
6404,229999.0
6408,189000.0
6411,270000.0
6412,409999.0
6413,296000.0
6415,576000.0
6416,623000.0
6417,80000.0
6421,750000.0
6424,950000.0
6426,894999.0
6427,250000.0
6429,325000.0
6430,350000.0
6431,1390000.0
6435,342000.0
6436,270000.0
6437,358000.0
6439,409999.0
6440,650000.0
6443,380000.0
6446,500000.0
6449,975000.0
6451,326000.0
6452,465000.0
6456,465000.0
6462,93982.0
6463,600000.0
6466,360000.0
6470,450000.0
6473,484999.0
6474,429000.0
6475,347000.0
6479,400000.0
6480,900000.0
6482,330000.0
6483,250000.0
6488,900000.0
6489,300000.0
6490,60000.0
6491,272000.0
6492,509000.0
6493,470000.0
6495,544000.0
6497,345000.0
6499,280000.0
6502,775000.0
6504,600000.0
6507,630000.0
6513,280000.0
6514,364000.0
6515,352000.0
6518,231000.0
6520,400000.0
6521,500000.0
6522,350000.0
6524,385000.0
6528,96295.0
6531,537000.0
6534,541000.0
6535,578000.0
6537,200000.0
6538,750000.0
6539,675000.0
6540,894999.0
6541,420000.0
6542,550000.0
6543,725000.0
6544,420000.0
6547,459999.0
6551,419000.0
6552,549000.0
6553,710000.0
6554,426000.0
6556,110000.0
6557,440000.0
6558,250000.0
6560,470000.0
6563,545000.0
6564,565000.0
6565,409999.0
6566,380000.0
6568,650000.0
6571,210000.0
6572,990000.0
6573,1059000.0
6574,426000.0
6575,175000.0
6576,220000.0
6578,530000.0
6580,299000.0
6581,250000.0
6583,322000.0
6586,310000.0
6588,825000.0
6589,810000.0
6590,649000.0
6591,670000.0
6594,493000.0
6595,325000.0
6597,376000.0
6598,337000.0
6599,1044999.0
6603,861000.0
6604,590000.0
6605,553000.0
6607,500000.0
6610,422000.0
6611,206000.0
6614,525000.0
6615,364000.0
6616,200000.0
6618,250000.0
6621,450000.0
6622,150000.0
6625,350000.0
6630,190000.0
6631,547000.0
6634,1000000.0
6635,580000.0
6636,250000.0
6637,310000.0
6642,900000.0
6645,300000.0
6646,417000.0
6647,325000.0
6649,211000.0
6652,300000.0
6654,508000.0
6658,755000.0
6659,340000.0
6662,950000.0
6664,731000.0
6667,300000.0
6669,69000.0
6677,675000.0
6679,276000.0
6680,182000.0
6681,50000.0
6682,600000.0
6683,130000.0
6684,130000.0
6685,110000.0
6686,55000.0
6687,130000.0
6688,650000.0
6689,250000.0
6690,110000.0
6691,730000.0
6693,330000.0
6694,600000.0
6695,600000.0
6698,335000.0
6700,400000.0
6702,180000.0
6706,150000.0
6707,400000.0
6708,700000.0
6709,600000.0
6710,745000.0
6711,150000.0
6714,500000.0
6715,350000.0
6717,225000.0
6719,190000.0
6722,150000.0
6725,150000.0
6726,800000.0
6728,430000.0
6729,225000.0
6731,175000.0
6734,200000.0
6737,1200000.0
6738,1070000.0
6739,248000.0
6740,400000.0
6742,400000.0
6743,900000.0
6744,310000.0
6745,350000.0
6747,850000.0
6748,90000.0
6750,950000.0
6752,670000.0
6754,850000.0
6755,300000.0
6756,330000.0
6757,750000.0
6761,250000.0
6762,370000.0
6767,122000.0
6768,150000.0
6769,325000.0
6771,1100000.0
6772,100000.0
6775,800000.0
6776,780000.0
6778,950000.0
6779,380000.0
6780,90000.0
6781,425000.0
6782,1450000.0
6783,590000.0
6785,280000.0
6786,250000.0
6788,500000.0
6790,300000.0
6791,650000.0
6793,500000.0
6794,150000.0
6795,161000.0
6796,1000000.0
6797,520000.0
6799,750000.0
6802,400000.0
6804,459999.0
6806,425000.0
6808,650000.0
6810,455999.0
6812,375000.0
6815,400000.0
6816,229999.0
6817,725000.0
6819,450000.0
6820,300000.0
6821,160000.0
6822,640000.0
6823,675000.0
6825,250000.0
6826,450000.0
6827,260000.0
6828,850000.0
6829,450000.0
6832,300000.0
6833,225000.0
6835,200000.0
6836,40000.0
6837,400000.0
6838,350000.0
6839,250000.0
6840,350000.0
6842,200000.0
6843,300000.0
6844,300000.0
6845,250000.0
6846,300000.0
6847,1000000.0
6848,200000.0
6850,100000.0
6853,800000.0
6854,819999.0
6855,675000.0
6860,320000.0
6862,325000.0
6863,950000.0
6865,300000.0
6866,400000.0
6867,350000.0
6874,400000.0
6875,420000.0
6877,800000.0
6878,500000.0
6879,725000.0
6881,400000.0
6882,800000.0
6883,450000.0
6885,500000.0
6887,165000.0
6889,62000.0
6890,550000.0
6893,100000.0
6894,220000.0
6896,350000.0
6897,350000.0
6898,450000.0
6899,450000.0
6900,200000.0
6901,225000.0
6902,370000.0
6903,730000.0
6907,800000.0
6911,300000.0
6912,700000.0
6913,650000.0
6917,700000.0
6918,340000.0
6919,420000.0
6921,750000.0
6922,900000.0
6925,810000.0
6926,500000.0
6927,500000.0
6931,200000.0
6933,400000.0
6936,350000.0
6940,400000.0
6941,302000.0
6942,830000.0
6943,500000.0
6944,180000.0
6945,250000.0
6946,300000.0
6947,320000.0
6951,450000.0
6952,320000.0
6954,200000.0
6957,350000.0
6958,350000.0
6961,350000.0
6962,525000.0
6964,450000.0
6965,600000.0
6966,79000.0
6967,500000.0
6968,800000.0
6969,160000.0
6970,220000.0
6971,700000.0
6972,200000.0
6974,150000.0
6978,72000.0
6979,160000.0
6980,200000.0
6982,350000.0
6983,108000.0
6985,850000.0
6987,500000.0
6989,266000.0
6990,595000.0
6993,425000.0
6994,596000.0
6995,250000.0
6996,221000.0
6998,311000.0
6999,463999.0
7000,204999.0
7002,643000.0
7004,545000.0
7005,750000.0
7007,225000.0
7009,315000.0
7010,799000.0
7014,612000.0
7016,990000.0
7017,534000.0
7018,800000.0
7020,281000.0
7021,535000.0
7022,475000.0
7025,395000.0
7029,480000.0
7030,245000.0
7031,719000.0
7035,438999.0
7036,753000.0
7037,362000.0
7039,389000.0
7046,350000.0
7047,463999.0
7048,412000.0
7049,375000.0
7051,443000.0
7052,422000.0
7053,550000.0
7054,545000.0
7055,450000.0
7057,330000.0
7058,595000.0
7061,835000.0
7062,175000.0
7063,495000.0
7068,306000.0
7069,432000.0
7071,314000.0
7072,269000.0
7074,342000.0
7076,407000.0
7077,459999.0
7078,725000.0
7080,735000.0
7083,350000.0
7085,300000.0
7093,550000.0
7094,327000.0
7096,487000.0
7098,310000.0
7099,245000.0
7103,750000.0
7104,500000.0
7109,301000.0
7110,40000.0
7111,359000.0
7112,511000.0
7113,425000.0
7114,277000.0
7117,254000.0
7119,1320000.0
7120,270000.0
7123,254999.0
7125,535000.0
7126,440000.0
7127,225000.0
7130,180000.0
7132,743000.0
7133,335000.0
7135,240000.0
7136,474000.0
7137,346000.0
7138,70000.0
7142,524000.0
7144,210000.0
7146,229999.0
7147,549000.0
7149,141000.0
7150,129000.0
7151,641000.0
7152,466000.0
7153,844999.0
7154,215000.0
7156,772000.0
7157,254999.0
7161,235000.0
7164,186000.0
7166,894999.0
7169,426999.0
7171,349000.0
7173,320000.0
7174,646000.0
7177,1057000.0
7179,385000.0
7180,875000.0
7183,360000.0
7186,900000.0
7188,357000.0
7189,620000.0
7191,372000.0
7192,275000.0
7193,220000.0
7196,260000.0
7198,409999.0
7206,650000.0
7208,449000.0
7209,517000.0
7210,500000.0
7211,400000.0
7212,459999.0
7213,580000.0
7214,643000.0
7215,200000.0
7216,411000.0
7217,384000.0
7218,500000.0
7220,500000.0
7221,360000.0
7227,330000.0
7228,518000.0
7229,141000.0
7231,227000.0
7234,437000.0
7240,470000.0
7241,335000.0
7246,650000.0
7247,180000.0
7248,673000.0
7249,198000.0
7251,338000.0
7252,198000.0
7254,283000.0
7255,214000.0
7256,215000.0
7257,749000.0
7258,185000.0
7259,421000.0
7260,465000.0
7265,210000.0
7266,345000.0
7268,171000.0
7269,172000.0
7272,881000.0
7274,852999.0
7275,325000.0
7279,250000.0
7281,165000.0
7282,850000.0
7283,161000.0
7288,361000.0
7289,509999.0
7290,415000.0
7291,266000.0
7292,150000.0
7293,1375000.0
7294,520000.0
7297,285000.0
7298,728000.0
7299,210000.0
7301,824000.0
7302,500000.0
7303,526000.0
7304,180000.0
7305,969999.0
7306,951000.0
7313,930000.0
7316,1019999.0
7317,614000.0
7318,630000.0
7319,320000.0
7320,241000.0
7323,1006000.0
7325,718000.0
7326,635000.0
7327,475000.0
7328,305000.0
7332,450000.0
7334,580000.0
7337,546000.0
7338,588000.0
7342,300000.0
7343,338000.0
7345,443000.0
7346,213000.0
7350,234000.0
7351,140000.0
7352,534000.0
7353,380000.0
7354,565000.0
7358,877000.0
7359,1400000.0
7360,335000.0
7361,413999.0
7363,323000.0
7365,345000.0
7366,454000.0
7367,259000.0
7371,325000.0
7372,415000.0
7374,365000.0
7376,333000.0
7377,405999.0
7379,329000.0
7380,279000.0
7382,622000.0
7383,798000.0
7384,618000.0
7385,430999.0
7386,415000.0
7387,180000.0
7390,620000.0
7396,868000.0
7401,420000.0
7406,550000.0
7407,650000.0
7410,250000.0
7411,821000.0
7412,300000.0
7415,280000.0
7416,663000.0
7417,559000.0
7419,934000.0
7420,914000.0
7421,840000.0
7422,684000.0
7424,442000.0
7425,192000.0
7426,580000.0
7428,828999.0
7431,600000.0
7435,434999.0
7437,430999.0
7439,432000.0
7442,479000.0
7443,763000.0
7444,846000.0
7445,999000.0
7446,280000.0
7449,445000.0
7450,500000.0
7453,509999.0
7454,325000.0
7455,500000.0
7456,640000.0
7457,334000.0
7459,774000.0
7460,326000.0
7462,634000.0
7464,458000.0
7465,413999.0
7467,450000.0
7475,149000.0
7476,324000.0
7477,356000.0
7478,295000.0
7479,229999.0
7480,268000.0
7481,690000.0
7482,549000.0
7484,487000.0
7485,302000.0
7487,425000.0
7489,430000.0
7490,445000.0
7491,1199000.0
7492,170000.0
7494,525000.0
7495,385000.0
7497,625000.0
7498,494000.0
7500,710000.0
7503,304000.0
7507,150000.0
7508,395000.0
7510,450000.0
7511,495000.0
7513,459999.0
7515,259000.0
7517,272000.0
7520,297000.0
7521,750000.0
7522,658000.0
7523,750000.0
7525,449000.0
7526,150000.0
7527,99703.0
7528,450000.0
7530,409999.0
7531,170000.0
7532,178000.0
7534,239000.0
7535,652000.0
7538,199000.0
7539,575000.0
7540,445000.0
7541,620000.0
7542,706000.0
7545,492000.0
7546,360000.0
7547,280000.0
7553,250000.0
7554,373000.0
7557,517000.0
7558,455999.0
7560,311000.0
7562,305000.0
7563,583000.0
7564,250000.0
7565,430000.0
7566,150000.0
7567,650000.0
7568,330000.0
7570,675000.0
7571,775000.0
7572,280000.0
7573,588000.0
7574,329000.0
7575,459999.0
7577,380000.0
7578,235000.0
7579,309000.0
7580,670000.0
7581,269000.0
7582,248000.0
7583,300000.0
7586,570000.0
7587,975000.0
7588,330000.0
7589,220000.0
7590,495000.0
7593,279000.0
7594,424000.0
7596,352000.0
7601,352000.0
7602,319000.0
7604,140000.0
7605,125000.0
7607,160000.0
7608,120000.0
7613,196000.0
7615,500000.0
7616,649000.0
7617,386000.0
7618,300000.0
7620,560000.0
7621,436000.0
7625,140000.0
7626,320000.0
7627,340000.0
7628,250000.0
7629,325000.0
7630,260000.0
7632,400000.0
7633,956000.0
7634,210000.0
7635,240000.0
7636,239000.0
7637,861000.0
7639,598000.0
7641,559000.0
7644,259000.0
7647,650000.0
7651,553000.0
7652,632000.0
7653,330000.0
7654,690000.0
7655,219000.0
7656,350000.0
7657,338000.0
7658,500000.0
7659,408000.0
7660,289000.0
7661,229999.0
7662,395000.0
7666,725000.0
7667,430000.0
7669,120000.0
7670,470000.0
7671,296000.0
7672,527000.0
7675,480000.0
7676,250000.0
7677,822000.0
7678,509999.0
7680,735000.0
7681,590000.0
7682,170000.0
7687,450000.0
7690,190000.0
7692,535000.0
7693,155000.0
7694,557000.0
7696,180000.0
7697,318000.0
7698,500000.0
7699,403000.0
7708,200000.0
7709,210000.0
7710,225000.0
7711,378000.0
7714,419000.0
7715,309000.0
7716,525000.0
7717,509999.0
7719,289000.0
7720,273000.0
7721,600000.0
7722,509999.0
7723,300000.0
7726,300000.0
7728,290000.0
7731,296000.0
7732,376000.0
7734,690000.0
7736,600000.0
7737,342000.0
7739,208000.0
7740,279000.0
7743,225000.0
7744,400000.0
7746,625000.0
7747,385000.0
7748,335000.0
7750,271000.0
7751,480999.0
7753,555000.0
7754,430000.0
7755,1200000.0
7756,286000.0
7757,680000.0
7758,349000.0
7759,347000.0
7760,48000.0
7762,785000.0
7763,490000.0
7765,350000.0
7767,365000.0
7768,400000.0
7769,254999.0
7770,601000.0
7771,216000.0
7778,827000.0
7779,475000.0
7782,210000.0
7784,330000.0
7786,525000.0
7787,280000.0
7788,430000.0
7789,114999.0
7790,598000.0
7791,271000.0
7792,276000.0
7793,248000.0
7794,592000.0
7795,290000.0
7796,341000.0
7798,547000.0
7800,280000.0
7801,285000.0
7802,299000.0
7803,270000.0
7807,400000.0
7808,354000.0
7809,850000.0
7810,669000.0
7811,480999.0
7814,619000.0
7816,518000.0
7818,235000.0
7819,620000.0
7821,450000.0
7822,250000.0
7824,425000.0
7829,580000.0
7830,890000.0
7831,626000.0
7832,753000.0
7833,355000.0
7834,399000.0
7835,209000.0
7837,199000.0
7840,1050000.0
7842,550000.0
7843,225000.0
7844,180000.0
7845,165000.0
7846,499000.0
7847,170000.0
7848,570000.0
7849,627000.0
7850,471000.0
7851,165000.0
7853,659000.0
7857,222000.0
7858,206000.0
7861,650000.0
7862,175000.0
7865,280000.0
7866,900000.0
7869,384000.0
7870,292000.0
7872,647000.0
7874,140000.0
7875,375000.0
7877,703000.0
7881,392000.0
7883,300000.0
7892,323000.0
7893,422000.0
7895,1052000.0
7896,227999.0
7898,276000.0
7899,300000.0
7902,425000.0
7903,1000000.0
7904,399000.0
7905,395000.0
7907,168000.0
7910,415000.0
7912,488999.0
7913,287000.0
7916,254999.0
7917,663000.0
7918,179000.0
7920,300000.0
7924,325000.0
7927,760000.0
7929,754000.0
7930,591000.0
7932,192000.0
7934,600000.0
7937,287000.0
7938,140000.0
7941,120000.0
7942,200000.0
7944,340000.0
7949,357000.0
7950,544000.0
7951,210000.0
7953,140000.0
7955,140000.0
7956,250000.0
7959,100000.0
7961,1025000.0
7962,855000.0
7964,830000.0
7965,691000.0
7968,750000.0
7969,178000.0
7970,163000.0
7972,280000.0
7973,372000.0
7975,311000.0
7976,200000.0
7977,162000.0
7978,527000.0
7981,299000.0
7982,725000.0
7985,275000.0
7986,480000.0
7987,130000.0
7988,325000.0
7989,157000.0
7990,177000.0
7991,100000.0
7993,712000.0
7994,500000.0
7995,811000.0
7996,425000.0
7997,694000.0
7998,170000.0
7999,254999.0
8000,185000.0
8002,1025000.0
8003,430000.0
8006,900000.0
8007,300000.0
8008,392000.0
8009,578000.0
8010,210000.0
8012,616000.0
8013,332000.0
8015,379000.0
8016,850000.0
8017,379000.0
8018,210000.0
8020,1350000.0
8022,650000.0
8023,400000.0
8026,969999.0
8027,330000.0
8028,370000.0
8029,308000.0
8030,285000.0
8031,700000.0
8032,367000.0
8033,319000.0
8038,340000.0
8041,50000.0
8042,270000.0
8043,875000.0
8045,300000.0
8047,540000.0
8048,330000.0
8049,409000.0
8050,484000.0
8053,335000.0
8055,315000.0
8057,614000.0
8059,575000.0
8061,699000.0
8065,335000.0
8067,300000.0
8068,199000.0
8069,399000.0
8070,329000.0
8071,550000.0
8072,574000.0
8073,522000.0
8075,399000.0
8076,185000.0
8078,827999.0
8081,280000.0
8083,1250000.0
8084,899000.0
8087,246000.0
8088,480000.0
8090,419000.0
8091,1050000.0
8097,519000.0
8098,1607000.0
8104,150000.0
8105,239000.0
8106,280000.0
8109,316000.0
8110,336000.0
8112,687000.0
8113,327000.0
8117,274000.0
8122,290000.0
8124,590000.0
8126,28000.0
8128,400000.0
8129,787000.0
8132,268000.0
8135,265000.0
8136,265000.0
8138,450000.0
8142,160000.0
8147,437000.0
8152,190000.0
8155,550000.0
8158,650000.0
8159,600000.0
8160,450000.0
8164,599000.0
8166,550000.0
8171,350000.0
8173,765000.0
8177,165000.0
8179,350000.0
8181,800000.0
8186,300000.0
8187,550000.0
8190,499000.0
8195,190000.0
8199,724000.0
8203,575000.0
8204,335000.0
8208,575000.0
8209,650000.0
8212,650000.0
8213,545000.0
8215,415000.0
8216,545000.0
8218,950000.0
8219,795000.0
8221,475000.0
8222,799000.0
8227,925000.0
8228,325000.0
8229,899000.0
8230,289000.0
8231,499000.0
8233,455000.0
8234,790000.0
8235,599000.0
8238,575000.0
8239,599000.0
8240,465000.0
8241,950000.0
8244,350000.0
8247,395000.0
8251,440000.0
8253,380000.0
8254,475000.0
8255,450000.0
8258,325000.0
8259,199000.0
8260,195000.0
8261,725000.0
8262,455000.0
8263,399000.0
8264,950000.0
8265,399000.0
8266,450000.0
8267,740000.0
8268,325000.0
8269,499000.0
8270,450000.0
8274,199000.0
8275,279000.0
8277,475000.0
8278,499000.0
8279,450000.0
8282,225000.0
8285,575000.0
8287,399000.0
8289,399000.0
8293,455000.0
8294,330000.0
8301,535000.0
8302,395000.0
8304,175000.0
8305,195000.0
8306,425000.0
8307,158000.0
8308,425000.0
8309,114999.0
8310,75000.0
8311,650000.0
8313,650000.0
8315,190000.0
8316,200000.0
8317,160000.0
8318,120000.0
8319,140000.0
8321,250000.0
8324,175000.0
8325,490000.0
8327,400000.0
8329,125000.0
8330,280000.0
8331,150000.0
8332,1082000.0
8333,550000.0
8334,475000.0
8335,105000.0
8336,500000.0
8338,650000.0
8340,200000.0
8341,400000.0
8342,1200000.0
8344,500000.0
8345,600000.0
8347,210000.0
8348,1000000.0
8349,550000.0
8350,550000.0
8351,300000.0
8353,160000.0
8354,180000.0
8355,225000.0
8356,674000.0
8357,200000.0
8358,290000.0
8359,250000.0
8362,360000.0
8364,509999.0
8365,180000.0
8367,140000.0
